{
    "Furniture": 8884295.35209,
    "Toys": 8576835.733389994,
    "Food": 8442226.182100004,
    "Books": 8076606.759879997
}